{
  "pearson_correlation_overall": 0.2679325025632794,
  "kendall_correlation_overall": 0.2030146529328014,
  "spearman_correlation_overall": 0.2295004826862655,
  "person_correlation_dimension_ensemble": 0.28356938495951617,
  "kendall_correlation_dimension_ensemble": 0.20571418837196095,
  "spearman_correlation_dimension_ensemble": 0.25666414100652213
}
