{
  "pearson_correlation_overall": 0.30953961343646663,
  "kendall_correlation_overall": 0.2923103694417869,
  "spearman_correlation_overall": 0.3511577068351931,
  "person_correlation_dimension_ensemble": 0.30953961343646663,
  "kendall_correlation_dimension_ensemble": 0.2923103694417869,
  "spearman_correlation_dimension_ensemble": 0.3511577068351931
}
