{
  "pearson_correlation_overall": 0.21296962927405882,
  "kendall_correlation_overall": 0.18905891634096209,
  "spearman_correlation_overall": 0.2242992042316969,
  "person_correlation_dimension_ensemble": 0.21296962927405882,
  "kendall_correlation_dimension_ensemble": 0.18905891634096209,
  "spearman_correlation_dimension_ensemble": 0.2242992042316969
}
