{
  "pearson_correlation_overall": 0.14628247330260366,
  "kendall_correlation_overall": 0.13238946548664657,
  "spearman_correlation_overall": 0.15952438787073764,
  "person_correlation_dimension_ensemble": 0.16763378162301718,
  "kendall_correlation_dimension_ensemble": 0.12754813454285746,
  "spearman_correlation_dimension_ensemble": 0.16920398512808169
}
