{
  "pearson_correlation_overall": 0.3245055620844429,
  "kendall_correlation_overall": 0.2662448490259038,
  "spearman_correlation_overall": 0.329909594822739,
  "person_correlation_dimension_ensemble": 0.3114537616634743,
  "kendall_correlation_dimension_ensemble": 0.23961845576960636,
  "spearman_correlation_dimension_ensemble": 0.31437344669154854
}
