{
  "pearson_correlation_overall": 0.24293716455173686,
  "kendall_correlation_overall": 0.20958560748469807,
  "spearman_correlation_overall": 0.2564961289764051,
  "person_correlation_dimension_ensemble": 0.24293716455173686,
  "kendall_correlation_dimension_ensemble": 0.20958560748469807,
  "spearman_correlation_dimension_ensemble": 0.2564961289764051
}
