{
  "pearson_correlation_overall": 0.2673538738668422,
  "kendall_correlation_overall": 0.16498330480363493,
  "spearman_correlation_overall": 0.1932227327430852,
  "person_correlation_dimension_ensemble": 0.2757079352029362,
  "kendall_correlation_dimension_ensemble": 0.1690288313152527,
  "spearman_correlation_dimension_ensemble": 0.21608543548539239
}
