{
  "pearson_correlation_overall": 0.3007786072146596,
  "kendall_correlation_overall": 0.24015099892615244,
  "spearman_correlation_overall": 0.2938888986307698,
  "person_correlation_dimension_ensemble": 0.29819093359662774,
  "kendall_correlation_dimension_ensemble": 0.22717763440500585,
  "spearman_correlation_dimension_ensemble": 0.293174692721815
}
