{
  "pearson_correlation_overall": 0.20092410771252256,
  "kendall_correlation_overall": 0.1560311522405421,
  "spearman_correlation_overall": 0.17405396368699416,
  "person_correlation_dimension_ensemble": 0.20092410771252256,
  "kendall_correlation_dimension_ensemble": 0.1560311522405421,
  "spearman_correlation_dimension_ensemble": 0.17405396368699416
}
