{
  "pearson_correlation_overall": 0.20378325548576937,
  "kendall_correlation_overall": 0.17667883727522699,
  "spearman_correlation_overall": 0.21377820969269445,
  "person_correlation_dimension_ensemble": 0.18456468416430274,
  "kendall_correlation_dimension_ensemble": 0.14859293272634322,
  "spearman_correlation_dimension_ensemble": 0.1845305906079031
}
