{
  "pearson_correlation_overall": 0.21409504457937495,
  "kendall_correlation_overall": 0.1899249343163202,
  "spearman_correlation_overall": 0.2235089010159041,
  "person_correlation_dimension_ensemble": 0.21409504457937495,
  "kendall_correlation_dimension_ensemble": 0.1899249343163202,
  "spearman_correlation_dimension_ensemble": 0.2235089010159041
}
