{
  "pearson_correlation_overall": 0.7415864567380323,
  "kendall_correlation_overall": 0.6335180094497982,
  "spearman_correlation_overall": 0.7510144875535971,
  "person_correlation_dimension_ensemble": 0.7420066838177662,
  "kendall_correlation_dimension_ensemble": 0.5895077859975417,
  "spearman_correlation_dimension_ensemble": 0.7512805352077357
}