{
  "pearson_correlation_overall": 0.3475179234440606,
  "kendall_correlation_overall": 0.2989144463796918,
  "spearman_correlation_overall": 0.3577793110603952,
  "person_correlation_dimension_ensemble": 0.32929047029697484,
  "kendall_correlation_dimension_ensemble": 0.28329246602990227,
  "spearman_correlation_dimension_ensemble": 0.3761152432566693
}
