{
  "pearson_correlation_overall": 0.33127939824891905,
  "kendall_correlation_overall": 0.23972716127830213,
  "spearman_correlation_overall": 0.2877480759933899,
  "person_correlation_dimension_ensemble": 0.3130994940876021,
  "kendall_correlation_dimension_ensemble": 0.1956397581884703,
  "spearman_correlation_dimension_ensemble": 0.2561382909738905
}
