{
  "pearson_correlation_overall": 0.25685814913089305,
  "kendall_correlation_overall": 0.24379023810582112,
  "spearman_correlation_overall": 0.28390802156915995,
  "person_correlation_dimension_ensemble": 0.2697697185520654,
  "kendall_correlation_dimension_ensemble": 0.2476296077586244,
  "spearman_correlation_dimension_ensemble": 0.30220217078115696
}
