{
  "pearson_correlation_overall": 0.1901137802321005,
  "kendall_correlation_overall": 0.1628878145432157,
  "spearman_correlation_overall": 0.19422868551898537,
  "person_correlation_dimension_ensemble": 0.1901137802321005,
  "kendall_correlation_dimension_ensemble": 0.1628878145432157,
  "spearman_correlation_dimension_ensemble": 0.19422868551898537
}
