{
  "pearson_correlation_overall": 0.6990589876132767,
  "kendall_correlation_overall": 0.581087849982279,
  "spearman_correlation_overall": 0.6981100620677033,
  "person_correlation_dimension_ensemble": 0.6972540799255194,
  "kendall_correlation_dimension_ensemble": 0.5328161391167469,
  "spearman_correlation_dimension_ensemble": 0.7007611958401372
}
