{
  "pearson_correlation_overall": 0.7479436347435289,
  "kendall_correlation_overall": 0.639879442807475,
  "spearman_correlation_overall": 0.7561030610359296,
  "person_correlation_dimension_ensemble": 0.7592993624694535,
  "kendall_correlation_dimension_ensemble": 0.6137454861851184,
  "spearman_correlation_dimension_ensemble": 0.7714409292860016
}
