{
  "pearson_correlation_overall": 0.33299789837973687,
  "kendall_correlation_overall": 0.2769780458554557,
  "spearman_correlation_overall": 0.3424455632049288,
  "person_correlation_dimension_ensemble": 0.3174384494149575,
  "kendall_correlation_dimension_ensemble": 0.2519378348963677,
  "spearman_correlation_dimension_ensemble": 0.3297520840984523
}
