{
  "pearson_correlation_overall": 0.740284287917783,
  "kendall_correlation_overall": 0.6464255657390812,
  "spearman_correlation_overall": 0.7619875154508347,
  "person_correlation_dimension_ensemble": 0.7496238068056211,
  "kendall_correlation_dimension_ensemble": 0.6030823226008304,
  "spearman_correlation_dimension_ensemble": 0.7638321535122672
}