{
  "pearson_correlation_overall": 0.1631303500457622,
  "kendall_correlation_overall": 0.14041674205791912,
  "spearman_correlation_overall": 0.16895939039024574,
  "person_correlation_dimension_ensemble": 0.1631303500457622,
  "kendall_correlation_dimension_ensemble": 0.14041674205791912,
  "spearman_correlation_dimension_ensemble": 0.16895939039024574
}
