{
  "pearson_correlation_overall": 0.20356372228454075,
  "kendall_correlation_overall": 0.17018914014317113,
  "spearman_correlation_overall": 0.1983067228869177,
  "person_correlation_dimension_ensemble": 0.222921357036219,
  "kendall_correlation_dimension_ensemble": 0.18216996536519334,
  "spearman_correlation_dimension_ensemble": 0.22298960358737444
}
