{
  "pearson_correlation_overall": 0.27546904679062567,
  "kendall_correlation_overall": 0.23999547689597706,
  "spearman_correlation_overall": 0.2934881829549445,
  "person_correlation_dimension_ensemble": 0.2756883207803076,
  "kendall_correlation_dimension_ensemble": 0.22870635620578716,
  "spearman_correlation_dimension_ensemble": 0.30405624759449884
}
