{
  "pearson_correlation_overall": 0.19538899454074626,
  "kendall_correlation_overall": 0.17154212870845229,
  "spearman_correlation_overall": 0.20745968679980697,
  "person_correlation_dimension_ensemble": 0.18108677819034832,
  "kendall_correlation_dimension_ensemble": 0.13239038653748186,
  "spearman_correlation_dimension_ensemble": 0.1657952933892288
}
