{
  "pearson_correlation_overall": 0.7335265956651275,
  "kendall_correlation_overall": 0.6252977443792568,
  "spearman_correlation_overall": 0.7521498389258687,
  "person_correlation_dimension_ensemble": 0.7425986156487883,
  "kendall_correlation_dimension_ensemble": 0.5883861411646983,
  "spearman_correlation_dimension_ensemble": 0.7469769163089595
}