{
  "pearson_correlation_overall": 0.6381252495472918,
  "kendall_correlation_overall": 0.5329394969912382,
  "spearman_correlation_overall": 0.6495960761677595,
  "person_correlation_dimension_ensemble": 0.6638267409101393,
  "kendall_correlation_dimension_ensemble": 0.5261838914455972,
  "spearman_correlation_dimension_ensemble": 0.6799303404468174
}
