{
  "pearson_correlation_overall": 0.2972840056233774,
  "kendall_correlation_overall": 0.2463565042873175,
  "spearman_correlation_overall": 0.29888181470178893,
  "person_correlation_dimension_ensemble": 0.28736689407233756,
  "kendall_correlation_dimension_ensemble": 0.22718375289002327,
  "spearman_correlation_dimension_ensemble": 0.30340590221691016
}
