{
  "pearson_correlation_overall": 0.711332218671057,
  "kendall_correlation_overall": 0.6345939553769675,
  "spearman_correlation_overall": 0.7515651994558781,
  "person_correlation_dimension_ensemble": 0.711332218671057,
  "kendall_correlation_dimension_ensemble": 0.6345939553769675,
  "spearman_correlation_dimension_ensemble": 0.7515651994558781
}