{
  "pearson_correlation_overall": 0.7321868263317304,
  "kendall_correlation_overall": 0.6315393028037017,
  "spearman_correlation_overall": 0.7486848506373404,
  "person_correlation_dimension_ensemble": 0.7401376646878999,
  "kendall_correlation_dimension_ensemble": 0.6014624244579894,
  "spearman_correlation_dimension_ensemble": 0.7616844463995806
}
