{
  "pearson_correlation_overall": 0.28590241547751716,
  "kendall_correlation_overall": 0.19652993899580015,
  "spearman_correlation_overall": 0.231145208702738,
  "person_correlation_dimension_ensemble": 0.2874718544303028,
  "kendall_correlation_dimension_ensemble": 0.16198229503120645,
  "spearman_correlation_dimension_ensemble": 0.20905901787103628
}
