{
  "pearson_correlation_overall": 0.3104914670711266,
  "kendall_correlation_overall": 0.21088971919672608,
  "spearman_correlation_overall": 0.24941072368605813,
  "person_correlation_dimension_ensemble": 0.2901277856153237,
  "kendall_correlation_dimension_ensemble": 0.20496956693539983,
  "spearman_correlation_dimension_ensemble": 0.26398527315489506
}
