{
  "pearson_correlation_overall": 0.6604383087789599,
  "kendall_correlation_overall": 0.5423619660774744,
  "spearman_correlation_overall": 0.6645093802692384,
  "person_correlation_dimension_ensemble": 0.6604383087789599,
  "kendall_correlation_dimension_ensemble": 0.5423619660774744,
  "spearman_correlation_dimension_ensemble": 0.6645093802692384
}