{
  "pearson_correlation_overall": 0.13384359198560875,
  "kendall_correlation_overall": 0.14644618922933111,
  "spearman_correlation_overall": 0.17620198399897188,
  "person_correlation_dimension_ensemble": 0.19145694872538924,
  "kendall_correlation_dimension_ensemble": 0.17235600971763787,
  "spearman_correlation_dimension_ensemble": 0.22862261198435083
}
