{
  "pearson_correlation_overall": 0.2728725045642699,
  "kendall_correlation_overall": 0.2395940200574866,
  "spearman_correlation_overall": 0.27691039154726405,
  "person_correlation_dimension_ensemble": 0.2728725045642699,
  "kendall_correlation_dimension_ensemble": 0.2395940200574866,
  "spearman_correlation_dimension_ensemble": 0.27691039154726405
}
