{
  "pearson_correlation_overall": 0.3498912772022986,
  "kendall_correlation_overall": 0.26766420978874655,
  "spearman_correlation_overall": 0.3064539898577536,
  "person_correlation_dimension_ensemble": 0.3498912772022986,
  "kendall_correlation_dimension_ensemble": 0.26766420978874655,
  "spearman_correlation_dimension_ensemble": 0.3064539898577536
}
