{
  "pearson_correlation_overall": 0.6977262570111268,
  "kendall_correlation_overall": 0.580557333423717,
  "spearman_correlation_overall": 0.715858669939457,
  "person_correlation_dimension_ensemble": 0.6977262570111268,
  "kendall_correlation_dimension_ensemble": 0.580557333423717,
  "spearman_correlation_dimension_ensemble": 0.715858669939457
}