{
  "pearson_correlation_overall": 0.3201596829284448,
  "kendall_correlation_overall": 0.2127214502395261,
  "spearman_correlation_overall": 0.25013842720131046,
  "person_correlation_dimension_ensemble": 0.3201596829284448,
  "kendall_correlation_dimension_ensemble": 0.2127214502395261,
  "spearman_correlation_dimension_ensemble": 0.25013842720131046
}
