{
  "pearson_correlation_overall": 0.7471342128116578,
  "kendall_correlation_overall": 0.6627950734208802,
  "spearman_correlation_overall": 0.7832235699219574,
  "person_correlation_dimension_ensemble": 0.7487134211338395,
  "kendall_correlation_dimension_ensemble": 0.6148742411536154,
  "spearman_correlation_dimension_ensemble": 0.7798069126510467
}
