{
  "pearson_correlation_overall": 0.39264988977325826,
  "kendall_correlation_overall": 0.3608954925979723,
  "spearman_correlation_overall": 0.423419917784655,
  "person_correlation_dimension_ensemble": 0.39264988977325826,
  "kendall_correlation_dimension_ensemble": 0.3608954925979723,
  "spearman_correlation_dimension_ensemble": 0.423419917784655
}
