{
  "pearson_correlation_overall": 0.2656052641172024,
  "kendall_correlation_overall": 0.2119190461109164,
  "spearman_correlation_overall": 0.26302066993179885,
  "person_correlation_dimension_ensemble": 0.27901588635289326,
  "kendall_correlation_dimension_ensemble": 0.2346976418454238,
  "spearman_correlation_dimension_ensemble": 0.3038368948914415
}
