{
  "pearson_correlation_overall": 0.307248035765434,
  "kendall_correlation_overall": 0.2527878815548353,
  "spearman_correlation_overall": 0.3057362157811779,
  "person_correlation_dimension_ensemble": 0.307248035765434,
  "kendall_correlation_dimension_ensemble": 0.2527878815548353,
  "spearman_correlation_dimension_ensemble": 0.3057362157811779
}
