{
  "pearson_correlation_overall": 0.28580379830524233,
  "kendall_correlation_overall": 0.23158221248341818,
  "spearman_correlation_overall": 0.2902872697637207,
  "person_correlation_dimension_ensemble": 0.2890224598155705,
  "kendall_correlation_dimension_ensemble": 0.23497385293812176,
  "spearman_correlation_dimension_ensemble": 0.30076825717943867
}
