{
  "pearson_correlation_overall": 0.26895472474516147,
  "kendall_correlation_overall": 0.2252671524927322,
  "spearman_correlation_overall": 0.2757892333547647,
  "person_correlation_dimension_ensemble": 0.2648876510105526,
  "kendall_correlation_dimension_ensemble": 0.22774511819625615,
  "spearman_correlation_dimension_ensemble": 0.29300553106161464
}
