{
  "pearson_correlation_overall": 0.28573106505832124,
  "kendall_correlation_overall": 0.19777242259062394,
  "spearman_correlation_overall": 0.22433492670501318,
  "person_correlation_dimension_ensemble": 0.28573106505832124,
  "kendall_correlation_dimension_ensemble": 0.19777242259062394,
  "spearman_correlation_dimension_ensemble": 0.22433492670501318
}
