{
  "pearson_correlation_overall": 0.2128989003373166,
  "kendall_correlation_overall": 0.1737446170431997,
  "spearman_correlation_overall": 0.2218595029881132,
  "person_correlation_dimension_ensemble": 0.20239479419568188,
  "kendall_correlation_dimension_ensemble": 0.17378847294513686,
  "spearman_correlation_dimension_ensemble": 0.23751177695790773
}
