{
  "pearson_correlation_overall": 0.25299283264673167,
  "kendall_correlation_overall": 0.2275722367590607,
  "spearman_correlation_overall": 0.27099181513993287,
  "person_correlation_dimension_ensemble": 0.25299283264673167,
  "kendall_correlation_dimension_ensemble": 0.2275722367590607,
  "spearman_correlation_dimension_ensemble": 0.27099181513993287
}
