{
  "pearson_correlation_overall": 0.7401114368766617,
  "kendall_correlation_overall": 0.6253716489741239,
  "spearman_correlation_overall": 0.7486031090947484,
  "person_correlation_dimension_ensemble": 0.7462639930779419,
  "kendall_correlation_dimension_ensemble": 0.5820641165432405,
  "spearman_correlation_dimension_ensemble": 0.7353585077912391
}
