{
  "pearson_correlation_overall": 0.6615142626074928,
  "kendall_correlation_overall": 0.5572222168079823,
  "spearman_correlation_overall": 0.6825569918247473,
  "person_correlation_dimension_ensemble": 0.6677115966948249,
  "kendall_correlation_dimension_ensemble": 0.524993783244303,
  "spearman_correlation_dimension_ensemble": 0.6910213317189721
}