{
  "pearson_correlation_overall": 0.2590009028901719,
  "kendall_correlation_overall": 0.23180552410203242,
  "spearman_correlation_overall": 0.2678287554476395,
  "person_correlation_dimension_ensemble": 0.3020470973438914,
  "kendall_correlation_dimension_ensemble": 0.2508705169819647,
  "spearman_correlation_dimension_ensemble": 0.32462248146650013
}
