{
  "pearson_correlation_overall": 0.2617387984215584,
  "kendall_correlation_overall": 0.21821918303786017,
  "spearman_correlation_overall": 0.2706297442806782,
  "person_correlation_dimension_ensemble": 0.25535146822108057,
  "kendall_correlation_dimension_ensemble": 0.21778290871294848,
  "spearman_correlation_dimension_ensemble": 0.2907504591509763
}
