{
  "pearson_correlation_overall": 0.24477264842563304,
  "kendall_correlation_overall": 0.20574048194458544,
  "spearman_correlation_overall": 0.25292457977889554,
  "person_correlation_dimension_ensemble": 0.2325969186889188,
  "kendall_correlation_dimension_ensemble": 0.18595012027842692,
  "spearman_correlation_dimension_ensemble": 0.2523050168858491
}
