{
  "pearson_correlation_overall": 0.6574802396463139,
  "kendall_correlation_overall": 0.5723239955563747,
  "spearman_correlation_overall": 0.6860215455741893,
  "person_correlation_dimension_ensemble": 0.6574802396463139,
  "kendall_correlation_dimension_ensemble": 0.5723239955563747,
  "spearman_correlation_dimension_ensemble": 0.6860215455741893
}