{
  "pearson_correlation_overall": 0.6464492773671433,
  "kendall_correlation_overall": 0.5379100411084192,
  "spearman_correlation_overall": 0.6663652678591737,
  "person_correlation_dimension_ensemble": 0.6868161748807486,
  "kendall_correlation_dimension_ensemble": 0.5401813423868463,
  "spearman_correlation_dimension_ensemble": 0.7063341034719264
}