{
  "pearson_correlation_overall": 0.37721563469311137,
  "kendall_correlation_overall": 0.27975879851436314,
  "spearman_correlation_overall": 0.33405265191498107,
  "person_correlation_dimension_ensemble": 0.37721563469311137,
  "kendall_correlation_dimension_ensemble": 0.27975879851436314,
  "spearman_correlation_dimension_ensemble": 0.33405265191498107
}
