{
  "pearson_correlation_overall": 0.2329043059447668,
  "kendall_correlation_overall": 0.21651699361205745,
  "spearman_correlation_overall": 0.2561642062250943,
  "person_correlation_dimension_ensemble": 0.24400713800502394,
  "kendall_correlation_dimension_ensemble": 0.22033407294722077,
  "spearman_correlation_dimension_ensemble": 0.2695152687224342
}
