{
  "pearson_correlation_overall": 0.7439349853580618,
  "kendall_correlation_overall": 0.6488404406764887,
  "spearman_correlation_overall": 0.7665098385569993,
  "person_correlation_dimension_ensemble": 0.7439349853580618,
  "kendall_correlation_dimension_ensemble": 0.6488404406764887,
  "spearman_correlation_dimension_ensemble": 0.7665098385569993
}