{
  "pearson_correlation_overall": 0.2687168835664117,
  "kendall_correlation_overall": 0.25727004044382945,
  "spearman_correlation_overall": 0.3008616686110853,
  "person_correlation_dimension_ensemble": 0.2687168835664117,
  "kendall_correlation_dimension_ensemble": 0.25727004044382945,
  "spearman_correlation_dimension_ensemble": 0.3008616686110853
}
