{
  "pearson_correlation_overall": 0.7583059116709467,
  "kendall_correlation_overall": 0.6476444327447993,
  "spearman_correlation_overall": 0.7625209854609434,
  "person_correlation_dimension_ensemble": 0.7646794868130837,
  "kendall_correlation_dimension_ensemble": 0.6190858272548373,
  "spearman_correlation_dimension_ensemble": 0.7729002756452563
}