{
  "pearson_correlation_overall": 0.7500628565008611,
  "kendall_correlation_overall": 0.6644932260213173,
  "spearman_correlation_overall": 0.7856929910394242,
  "person_correlation_dimension_ensemble": 0.7500628565008611,
  "kendall_correlation_dimension_ensemble": 0.6644932260213173,
  "spearman_correlation_dimension_ensemble": 0.7856929910394242
}