{
  "pearson_correlation_overall": 0.22690879241423695,
  "kendall_correlation_overall": 0.16301085109361207,
  "spearman_correlation_overall": 0.18794413765755438,
  "person_correlation_dimension_ensemble": 0.22690879241423695,
  "kendall_correlation_dimension_ensemble": 0.16301085109361207,
  "spearman_correlation_dimension_ensemble": 0.18794413765755438
}
