{
  "pearson_correlation_overall": 0.221803212204562,
  "kendall_correlation_overall": 0.20579132325957109,
  "spearman_correlation_overall": 0.24227851906436074,
  "person_correlation_dimension_ensemble": 0.20365491397522098,
  "kendall_correlation_dimension_ensemble": 0.16323336983215925,
  "spearman_correlation_dimension_ensemble": 0.20550687810701773
}
