{
  "pearson_correlation_overall": 0.2813907866388439,
  "kendall_correlation_overall": 0.1928416973813471,
  "spearman_correlation_overall": 0.22245580285616265,
  "person_correlation_dimension_ensemble": 0.25249556507072585,
  "kendall_correlation_dimension_ensemble": 0.14600541888489937,
  "spearman_correlation_dimension_ensemble": 0.1870843555418424
}
