{
  "pearson_correlation_overall": 0.2294462867385647,
  "kendall_correlation_overall": 0.20321511074278062,
  "spearman_correlation_overall": 0.24342683051191277,
  "person_correlation_dimension_ensemble": 0.22758095593125924,
  "kendall_correlation_dimension_ensemble": 0.18837331501457538,
  "spearman_correlation_dimension_ensemble": 0.23587553899989003
}
