{
  "pearson_correlation_overall": 0.23311025130464386,
  "kendall_correlation_overall": 0.21040333321201957,
  "spearman_correlation_overall": 0.2470071767340717,
  "person_correlation_dimension_ensemble": 0.25141775219305496,
  "kendall_correlation_dimension_ensemble": 0.20645428168515123,
  "spearman_correlation_dimension_ensemble": 0.26501946853889147
}
