{
  "pearson_correlation_overall": 0.17243069909469644,
  "kendall_correlation_overall": 0.1471978662184739,
  "spearman_correlation_overall": 0.17237465962811485,
  "person_correlation_dimension_ensemble": 0.184154133306577,
  "kendall_correlation_dimension_ensemble": 0.13600442275245425,
  "spearman_correlation_dimension_ensemble": 0.17699930879263706
}
