{
  "pearson_correlation_overall": 0.3483217798084958,
  "kendall_correlation_overall": 0.3303960383295028,
  "spearman_correlation_overall": 0.38032458768621685,
  "person_correlation_dimension_ensemble": 0.3483217798084958,
  "kendall_correlation_dimension_ensemble": 0.3303960383295028,
  "spearman_correlation_dimension_ensemble": 0.38032458768621685
}
